Forum	Url
HP Instant Ink	https://h30434.www3.hp.com/t5/HP-Instant-Ink/bd-p/instantink
Sprocket	https://h30434.www3.hp.com/t5/sprocket/bd-p/sprocket
Inkjet Printing	https://h30434.www3.hp.com/t5/Inkjet-Printing/bd-p/PostPrint
LaserJet Printing	https://h30434.www3.hp.com/t5/LaserJet-Printing/bd-p/Install
Printer Software And Drivers	https://h30434.www3.hp.com/t5/Printer-Software-and-Drivers/bd-p/Software
DesignJet, Large Format Printers And Digital Press	https://h30434.www3.hp.com/t5/DesignJet-Large-Format-Printers-and-Digital-Press/bd-p/DesignJet-LargeFormat-DigitalPress
HP Connected, Mobile Printing And Cloud Printing	https://h30434.www3.hp.com/t5/HP-Connected-Mobile-Printing-and-Cloud-Printing/bd-p/Photo
3D Scanning	https://h30434.www3.hp.com/t5/3D-Scanning/bd-p/3DScan
Scanning, Faxing, And Copying	https://h30434.www3.hp.com/t5/Scanning-Faxing-and-Copying/bd-p/Scan
JetAdvantage, Printing Applications And Services	https://h30434.www3.hp.com/t5/JetAdvantage-Printing-Applications-and-Services/bd-p/JetAdvantage
Samsung	https://h30434.www3.hp.com/t5/Samsung/bd-p/Samsung